{"_wandb":{"runtime":207},"testing_reward":200,"_timestamp":1.738178610608959e+09,"_step":1479,"_runtime":201.438186627,"alpha":0,"training_reward":86,"training_trials":1379,"testing_trials":100,"performance_plot":{"format":"png","width":1000,"height":700,"_type":"image-file","sha256":"4c949a9a14693e2314be7ff8a356b6a2804c74467089f18f118c4616d31424e3","size":96723,"path":"media/images/performance_plot_1479_4c949a9a14693e2314be.png"},"epsilon":0}