{"training_trials":688,"performance_plot":{"_type":"image-file","sha256":"11d1e697378829656b121a5574e5f35dbb9aa8f154fe87adc0cd35e13c0f4d1c","size":99832,"path":"media/images/performance_plot_788_11d1e697378829656b12.png","format":"png","width":1000,"height":700},"alpha":0,"epsilon":0,"_step":788,"testing_reward":77,"_wandb":{"runtime":98},"_runtime":94.50901713,"_timestamp":1.7381782760936165e+09,"training_reward":125,"testing_trials":100}