{"_runtime":193.554035012,"epsilon":0,"testing_reward":94,"testing_trials":100,"training_reward":86,"alpha":0,"_timestamp":1.7381825610084696e+09,"_step":1479,"_wandb":{"runtime":200},"training_trials":1379,"performance_plot":{"path":"media/images/performance_plot_1479_624b93904b5c3fbd5e4e.png","format":"png","width":1000,"height":700,"_type":"image-file","sha256":"624b93904b5c3fbd5e4e587598c856862bace1dafab864ed9b3246e145b76f30","size":95795}}