{"training_reward":200,"alpha":0,"training_trials":6905,"_timestamp":1.7382903635827339e+09,"epsilon":0,"testing_trials":100,"performance_plot":{"sha256":"f6aa342d1a9582aa19ba791c21808c4914a6bfcff05d6803fcbb7fda50c3c3a6","size":84522,"path":"media/images/performance_plot_7005_f6aa342d1a9582aa19ba.png","format":"png","width":1000,"height":700,"_type":"image-file"},"_wandb":{"runtime":1584},"_step":7005,"testing_reward":188,"_runtime":1465.212848978}