{"_step":2979,"training_reward":50,"epsilon":0.22528869187543696,"alpha":0.9,"training_trials":2980,"_timestamp":1.7382934065528882e+09,"_wandb":{"runtime":177},"_runtime":177.504144856}