{"acc":0.7831633683370965,"loss":0.18837286973558226,"_timestamp":1.7381759122252553e+09,"_wandb":{"runtime":1},"_runtime":1.821041208,"_step":7}