{"performance_plot":{"path":"media/images/performance_plot_13913_a4a5da82d0b32f55d6dc.png","format":"png","width":1000,"height":700,"_type":"image-file","sha256":"a4a5da82d0b32f55d6dcd855aa0ab7dc74e6d277d134bb68bb2a5b36063c4ca5","size":79028},"testing_trials":100,"_runtime":2294.338612476,"training_reward":200,"alpha":0,"training_trials":13813,"epsilon":0,"_timestamp":1.738295766684879e+09,"testing_reward":200,"_wandb":{"runtime":41634},"_step":13913}